id,sentiment
870430762255953920,-1
870430770141253632,-1
870430771592413187,-1
870430772800479233,-1
870430776432644096,1
870430779439841280,-1
870430780425723904,-1
870430781927288833,-1
870430784678703104,-1
870430796485726208,-1
870430797723033601,1
870430799950004224,-1
870430802575753216,-1
870430804446289921,-1
870430804895313920,1
870430807592140801,-1
870430807344779264,1
870430814433144832,0
870430815473332224,-1
870430819134734336,0
870430820791726080,0
870430822129582080,-1
870430829331316736,-1
870430838915293184,1
870430839343124481,1
870430840412569600,-1
870430843713540096,1
870430845147914240,-1
870430848838971394,1
870430849606402048,-1
870430849715630080,1
870430850583732224,-1
870430852605333504,0
870430853062688768,-1
870430853582790658,-1
870430859966398465,1
870430863493918720,-1
870430864324382720,0
870430867918692353,1
870430866941640704,-1
870430868598251520,-1
870430876970045440,-1
870430877435568128,1
870430879612420097,1
870430879553904640,-1
870430883349753857,-1
870430885849464833,-1
870430886101217281,-1
870430890056437760,-1
870430890404524032,-1
870430892992409601,-1
870430894703616000,-1
870430903775907841,1
870430905529016320,-1
870430907722858496,-1
870430908268064768,1
870430908872093696,1
870430914039259137,1
870430920268034048,1
870430920528023552,1
870430921014493185,1
870430923485048833,0
870430925301010434,-1
870430932938969088,1
870430934025109504,-1
870430935476346880,0
870430945752514560,0
870430946310275072,1
870430952459124736,-1
870430952031477760,1
870430952861913088,-1
870430954388508672,0
870430957727240192,1
870430966493270016,1
870430969903362049,1
870430971329355776,1
870430971505639424,-1
870430971677560836,-1
870430974722658305,1
870430975620259840,1
870430978174472192,0
870430980930023425,-1
870430982700236802,-1
870430985367805952,1
870430992653316098,-1
870431003109502976,1
870431008041992194,-1
870431008830705669,1
870431012467200000,-1
870431013222178816,-1
870431023716343809,-1
870431024748011520,0
870431026413162496,-1
870431028170678272,1
870431028195844098,-1
870431031609892864,1
870431036722692096,-1
870431036383088642,-1
870431037154840580,-1
870431037456879616,1
870431045069438976,1
870431046252191744,-1
870431046784999427,1
870431047447584768,1
870431051574779904,-1
870431052287836161,-1
870431053286125574,1
870431056276488192,1
870431056243175425,-1
870431057308336128,0
870431057887334402,-1
870431059627827200,-1
870431065113886720,-1
870431076719702016,-1
870431082151161857,1
870431082453372928,1
870431085599105029,0
870431086202896384,1
870431086823780353,1
870431087276810240,-1
870431089055092737,-1
870431096973938690,1
870431097015992320,-1
870431097229901824,1
870431098387484672,-1
870431101893853185,1
870431102107832321,1
870431104741679104,-1
870431106541260801,-1
870431107052965888,1
870431107258482689,1
870431106709032960,-1
870431105702383616,1
870431109569323010,-1
870431114292338689,1
870431124974993408,-1
870431125990240258,-1
870431126690476032,0
870431127269453826,-1
870431133728636930,-1
870431143107100672,1
870431144226897920,-1
870431144369561600,-1
870431146038902784,1
870431147393556480,1
870431152854544384,-1
870431152837939204,0
870431155748786177,-1
870431156310757376,1
870431157715906560,1
870431158856818688,-1
870431163105419264,0
870431170449649666,0
870431172039516161,1
870431180222496768,-1
870431202469179392,1
870431203857485826,-1
870431207737090048,-1
870431208404070400,0
870431210920583169,-1
870431210421407744,0
870431219149942784,1
870431224917090304,1
870431233200795649,0
870431234697998336,1
870431238435241984,1
870431247012700160,1
870431253039919104,0
870431256797958147,1
870431259297587200,0
870431260413276160,-1
870431260908240896,1
870431262955253760,-1
870431265790599168,-1
870431270429487108,-1
870431272128045057,-1
870431271503241216,0
870431274099519493,1
870431277811458048,-1
870431281145929728,-1
870431286099271680,1
870431283578634241,1
870431285944229892,-1
870431288372723712,0
870431288595017729,1
870431290255970305,-1
870431292269228032,-1
870431293443641344,-1
870431302666911749,-1
870431309654634496,-1
870431312607399937,1
870431324225421312,-1
870431325865607169,-1
870431332735754240,1
870431333092294656,-1
870431333431918592,-1
870431336888184834,0
870431338456895489,0
870431341602582528,0
870431346921017345,-1
870431347545784320,-1
870431348141342720,1
870431352344236033,1
870431355838099456,-1
870431355368353792,1
870431356848832512,0
870431357800927232,1
870431357675163648,-1
870431361798111233,-1
870431366474858496,1
870431368655896576,-1
870431375664439297,1
870431376721530880,1
870431379204575234,0
870431380240568321,1
870431386536222720,1
870431389019197440,1
870431396799676417,-1
870431406756855808,0
870431407234883584,-1
870431407583019008,0
870431411597082629,0
870431413702729728,0
870431414986133505,-1
870431414604488704,1
870431418953977857,1
870431424347725825,-1
870431427745255425,-1
870431428366016513,-1
870431430983208960,1
870431431163498498,1
870431441984921600,0
870431444249698304,-1
870431449144360960,1
870431456224587776,-1
870431458518761472,0
870431461769347073,0
870431463958867968,1
870431466760445953,1
870431471219113984,-1
870431472838168576,1
870431480140488704,1
870431482707189760,1
870431497680900096,1
870431505943810048,-1
870431508913430528,-1
870431512721620992,1
870431512239460352,-1
870431515909513216,-1
870431517788516352,-1
870431521957711872,1
870431530711121920,-1
870431534750289921,-1
870431540123140096,1
870431540676841472,-1
870431553440157697,-1
870431555440726016,1
870431563174903808,-1
870431568338329600,-1
870431571647406080,1
870431579679666177,1
870431581143351296,-1
870431581072175104,1
870431582389100544,-1
870431582456356864,1
870431583609786369,-1
870431583291023362,-1
870431584020815874,1
870431586025648130,0
870431587288141825,-1
870431590953963522,1
870431592543645696,0
870431597153189895,1
870431598147244032,1
870431600777015297,-1
870431602148429824,1
870431604950290432,-1
870431607642914817,-1
870431611229093888,-1
870431615742300160,0
870431616253820932,-1
870431619101884416,-1
870431620574179332,-1
870431622465826818,-1
870431625359785984,-1
870431635392614400,-1
870431635300380672,-1
870431638450319360,0
870431639620530176,1
870431640056721412,-1
870431642321473536,-1
870431644276097025,0
870431645379284994,-1
870431649267429376,-1
870431651427385346,-1
870431655793741824,1
870431656284487681,-1
870431657236377600,1
870431657987387392,-1
870431658608078849,-1
870431660805959680,-1
870431668506681344,-1
870431672457719808,-1
870431674374410244,0
870431682016432128,1
870431685627834368,-1
870431692443406336,-1
870431693458427904,-1
870431697451585537,-1
870431699225776128,1
870431702446776321,-1
870431705621987328,-1
870431714534768641,0
870431714916659200,1
870431720725729280,1
870431723833745409,-1
870431729076633600,1
870431729751904256,-1
870431732331298817,0
870431734629838848,-1
870431742309441538,-1
870431743047815170,-1
870431744549421056,-1
870431747397349376,-1
870431749716791296,1
870431759988654080,1
870431763100823557,-1
870431766703689734,1
870431771309092864,-1
870431774916173825,1
870431776103174145,1
870431776316899328,1
870431776153497600,1
870431777256505344,-1
870431779601104896,0
870431781077393408,-1
870431781673193476,-1
870431783812304898,-1
870431787016536069,1
870431789180964864,1
870431789751439361,-1
870431793333383169,1
870431795988135936,1
870431804091756546,1
870431804674555904,-1
870431807065526272,-1
870431808546013189,-1
870431810169294848,1
870431810538291202,-1
870431811708571648,-1
870431812165791744,-1
870431816997580802,0
870431817005924352,1
870431825088323584,-1
870431835666436100,-1
870431837121904640,1
870431837587357696,1
870431840355717120,-1
870431852200415232,-1
870431857007087617,-1
870431857346793473,-1
870431859502530560,0
870431863990628352,1
870431869288026113,-1
870431871984783361,-1
870431875927560194,-1
870431876070199296,1
870431884156829696,1
870431886098804738,1
870431889441472512,0
870431892151062528,-1
870431893048655872,-1
870431896509059072,-1
870431896815247361,0
870431896957792256,1
870431903555387392,-1
870431904247500800,0
870431904495009792,1
870431906315227136,-1
870431911583207424,0
870431911881179136,1
870431912447397888,1
870431925529346049,-1
870431927798562816,1
870431929757306880,-1
870431932395528194,1
870431936409292801,1
870431936141045761,0
870431938212798465,-1
870431938213019648,0
870431944953278466,-1
870431946853163008,1
870431949298556928,-1
870431949445312512,-1
870431952112930817,1
870431953492873219,1
870431957154504704,1
870431958400196610,-1
870431959121408000,-1
870431960149176320,-1
870431960786624518,-1
870431964326768640,-1
870431966256136193,1
870431967095005184,-1
870431969938518016,1
870431972069326849,-1
870431977689686016,-1
870431981804199936,1
870431982068539392,-1
870431982043275267,0
870431981712150528,1
870431988037046273,-1
870431990436298752,1
870431990134312964,-1
870431992751558658,-1
870431995633053696,-1
870431997067317248,-1
870431997910327296,1
870432000334843904,-1
870432000854736896,-1
870432001890820096,0
870432003266686976,-1
870432005334470660,-1
870432004776620033,-1
870432006559203328,-1
870432011025924096,-1
870432011520888833,1
870432013420986370,-1
870432012875833344,1
870432014121353216,1
870432017489506304,-1
870432019083407361,1
870432026930884608,0
870432028516397056,0
870432031766794240,1
870432030651240449,-1
870432032760799232,-1
870432034547802112,1
870432037043351553,1
870432037248913408,-1
870432037769011200,-1
870432038209208320,1
870432038729506817,-1
870432041355145216,-1
870432041887604736,-1
870432041757749248,-1
870432043028680705,1
870432044999770113,-1
870432045612154880,-1
870432045968666624,-1
870432046169989121,-1
870432046169997312,-1
870432046727823361,-1
870432047323422720,-1
870432047923216384,1
870432049768783872,-1
870432052255965184,-1
870432055514939392,-1
870432055733010432,0
870432060200165380,0
870432060686688256,0
870432063295557634,-1
870432064088289281,1
870432064138612736,1
870432071432323073,1
870432074498322432,-1
870432076436127744,-1
870432075991666688,-1
870432076679462913,1
870432080060071936,0
870432080236343296,-1
870432081771454465,-1
870432085311447040,-1
870432090243739652,-1
870432097952989185,-1
870432100486230017,-1
870432101232934912,-1
870432102499700737,-1
870432102554230784,1
870432104215130112,1
870432105196552192,-1
870432108841496578,-1
870432115040583680,-1
870432117502517249,1
870432118857453568,-1
870432130727280640,1
870432133730508801,1
870432135395586048,1
870432136368717825,1
870432151824728065,-1
870432153883951104,0
870432154735398912,1
870432157331841025,1
870432159319834624,-1
870432170858303488,1
870432177607110660,-1
870432180559917056,0
870432182292041728,1
870432182371663872,1
870432182136950784,-1
870432186138275841,-1
870432187224653824,0
870432187757342721,1
870432193683869697,0
870432197651681280,1
870432197961949184,-1
870432198859649025,-1
870432202789703684,-1
870432206312919041,-1
870432211354497024,0
870432215137525760,0
870432215099899905,-1
870432215536107520,-1
870432219818467328,1
870432222313984000,1
870432226168537088,1
870432228676739073,-1
870432230837026816,-1
870432236545335296,-1
870432238705319936,-1
870432249371439104,0
870432252563529728,0
870432257147895809,-1
870432257655418884,-1
870432264852824068,0
870432266052222976,0
870432270355644416,0
870432272771674116,-1
870432274143117312,-1
870432274914975744,-1
870432278828199936,-1
870432282707980288,1
870432283177742336,-1
870432284972728320,-1
870432292468142080,-1
870432294170787841,1
870432298151235585,1
870432298138730496,-1
870432302161170433,0
870432302601568258,1
870432303260086272,-1
870432304207974400,1
870432306066059264,1
870432306418339840,0
870432308100202500,1
870432315339558912,1
870432318086934528,-1
870432318552510465,0
870432319303290880,-1
870432320175648772,-1
870432320481886208,-1
870432320922292224,-1
870432325057642496,-1
870432325355614208,-1
870432332972425216,-1
870432334235004929,1
870432335887384577,1
870432336638349312,-1
870432340685860865,-1
870432339263926276,-1
870432341872607232,-1
870432343223414784,-1
870432343449894914,-1
870432345828077569,0
870432346264268804,-1
870432349233840128,1
870432350617821184,-1
870432356997492737,1
870432361812549635,-1
870432362613555200,-1
870432365004419078,-1
870432365725798401,-1
870432368812797953,1
870432371304046592,-1
870432371023151104,-1
870432375729041408,-1
870432379063549952,0
870432381936705536,-1
870432385900228608,1
870432387389378561,-1
870432389109080064,0
870432390308438016,1
870432392917303296,1
870432393143791616,1
870432394670555136,-1
870432399535910912,1
870432401566167043,-1
870432401889128449,0
870432404812554240,1
870432412299280384,-1
870432417416445952,-1
870432418104258564,-1
870432418729259009,-1
870432425322655744,1
870432429835558912,-1
870432431714840581,1
870432432863846400,-1
870432440405327872,-1
870432440745152517,-1
870432444121358336,1
870432443769245696,-1
870432449519652869,-1
870432449246842881,-1
870432450576605185,0
870432451935514624,-1
870432466737213440,-1
870432469270528000,1
870432469182545920,0
870432472302931968,1
870432474043740160,0
870432480356175872,1
870432483157975040,-1
870432484680495104,-1
870432487079542784,-1
870432489239494656,-1
870432493551329280,1
870432499171831814,-1
870432501910589440,1
870432501927481345,1
870432502107828224,0
870432507904368640,-1
870432508310994944,0
870432512836861957,-1
870432515151888385,-1
870432516624203777,1
870432518415282178,1
870432521649102848,1
870432524463472640,0
870432528926199808,0
870432528624226305,1
870432532705058817,-1
870432531992072192,-1
870432528724787200,1
870432534512926720,-1
870432539403366400,0
870432539042828288,0
870432541261438976,-1
870432547133587456,0
870432550774120449,1
870432551176896513,1
870432559909482496,-1
870432567085891584,1
870432570755993600,-1
870432571754262529,0
870432567656370177,-1
870432578427170816,1
870432579861827585,0
870432582411988992,1
870432583879860224,-1
870432586081853443,-1
870432591576485888,1
870432594302840832,1
870432594147643392,-1
870432596962017280,0
870432597393854464,1
870432599889637376,1
870432599931531264,-1
870432600963338240,-1
870432603089907713,-1
870432603354132480,1
870432608802549760,-1
870432609037279232,1
870432609188196352,1
870432611184803840,0
870432612627562496,-1
870432614259216385,-1
870432616113217536,-1
870432617954455553,-1
870432619099414528,1
870432621444059136,1
870432629572726789,1
870432629576933376,1
870432630285770752,0
870432632739377153,1
870432633767034881,-1
870432633918033920,1
870432641018888192,1
870432644583915522,1
870432647679311873,-1
870432652431683588,-1
870432655912861696,-1
870432661009035264,-1
870432664834191360,-1
870432665408860160,-1
870432666729930752,1
870432669070311424,0
870432674355269632,1
870432675764461568,0
870432675521232896,1
870432688762531840,-1
870432691396767744,1
870432695817515011,1
870432695842635776,0
870432696660443136,-1
870432699537920000,0
870432699009253377,-1
870432703677640708,-1
870432704835321856,0
870432706252984321,1
870432708056547328,-1
870432710480678912,1
870432710107574272,0
870432712737378305,0
870432717938339840,-1
870432724267393024,-1
870432731502694400,-1
870432731645313024,-1
870432733016850436,-1
870432740855881728,-1
870432743792005120,-1
870432743930425345,1
870432746199318528,0
870432747344588805,1
870432749068238849,-1
870432749060075524,-1
870432750154596352,-1
870432759382134785,1
870432760531263488,-1
870432759000342530,-1
870432761072373760,-1
870432762003673093,1
870432766319636485,-1
870432766449643522,0
870432766428688384,1
870432772761976832,-1
870432774020358147,1
870432774641008640,1
870432777296072704,0
870432779565240320,-1
870432784011186176,-1
870432783432392705,1
870432791447703556,1
870432792110399488,1
870432794014498816,-1
870432796556369920,1
870432798812884992,1
870432800066985984,-1
870432802885570560,-1
870432808753389568,-1
870432809462247428,1
870432813836664832,-1
870432817276108800,1
870432817926287362,0
870432822736990208,-1
870432823789973504,1
870432826679738368,-1
870432831620644864,1
870432834917462016,-1
870432835378794496,-1
870432839023476736,-1
870432839338250240,-1
870432840344666112,-1
870432840160116737,-1
870432846636306432,1
870432847156457472,-1
870432856308318208,-1
870432860427223041,0
870432861106585600,-1
870432860985053188,-1
870432864718004224,1
870432868278968320,0
870432871588044800,1
870432876931809281,-1
870432880857632768,1
870432888004726784,1
870432888503713793,-1
870432890101911552,1
870432897416577024,-1
870432898142281728,1
870432898201137152,-1
870432903729213440,-1
870432906476482560,-1
870432906287697922,-1
870432906765901825,1
870432907269214208,0
870432908686884864,-1
870432910553305088,-1
870432915393363968,-1
870432916593156096,1
870432916614111232,1
870432917175939073,-1
870432929821978624,1
870432933466836993,-1
870432934234337280,1
870432935211675648,-1
870432937094852608,1
870432936956502016,1
870432941750583296,-1
870432944950624256,0
870432945508667392,-1
870432948759044096,-1
870432957319835648,-1
870432957697314816,0
870432958456397824,-1
870432960826273796,-1
870432962097041408,-1
870432962931679232,-1
870432968040484864,-1
870432968455708672,1
870432970414469121,-1
870432971928604672,-1
870432977611653120,-1
870432981193719808,-1
870432981302861824,-1
870432985077698560,-1
870432988043071488,-1
870432989246836737,1
870432996637192193,1
870432998084288512,-1
870432999044775937,-1
870432999564865536,-1
870433002945380357,-1
870433002781802497,-1
870433004920778753,1
870433014681137152,-1
870433015566094338,1
870433019416281088,-1
870433021412888578,-1
870433023313006592,-1
870433024973955072,1
870433031554834432,-1
870433035828707332,-1
870433035161829376,-1
870433039381405697,1
870433040081793024,-1
870433041998635008,-1
870433043168800768,-1
870433045031116801,-1
870433045458726912,-1
870433047761518592,1
870433047593799680,1
870433049091203076,1
870433053159694340,-1
870433054715777024,1
870433060059316224,1
870433060352802817,1
870433061351157760,-1
870433062097518593,1
870433064823930880,1
870433071237083136,-1
870433072021458944,1
870433073330094081,0
870433080200372226,1
870433082259644416,-1
870433085309022208,1
870433085912793088,1
870433085896175616,-1
870433086307258368,0
870433094259683329,-1
870433095677353984,-1
870433102216265728,-1
870433106947452928,1
870433107987615745,-1
870433109916827648,-1
870433113884708865,1
870433114883055617,-1
870433120402628609,0
870433118896898049,-1
870433121769893888,-1
870433121845596160,-1
870433122025951236,-1
870433121967255552,-1
870433122743193600,-1
870433123275874304,-1
870433125679206402,-1
870433132377497601,1
870433140547792896,1
870433142565330944,0
870433147053387776,0
870433151323062273,-1
870433157539123200,-1
870433158440919041,-1
870433159111987200,-1
870433161422839808,0
870433167496359936,-1
870433169723449345,0
870433171371835392,-1
870433172965781506,-1
870433175587086337,1
870433182352527360,0
870433182113382400,-1
870433189290024966,-1
870433197825425408,-1
870433199054352386,1
870433198827753472,1
870433201881325569,-1
870433202309091328,-1
870433202497781762,-1
870433204045574147,-1
870433205563920384,-1
870433209028313088,0
870433212824244225,-1
870433213474193412,1
870433220277436417,-1
870433221527445504,-1
870433222865424384,-1
870433227101569025,-1
870433227722432512,-1
870433230305902592,1
870433232218542080,-1
870433231920930816,-1
870433232562638848,1
870433235280379908,1
870433242360324097,1
870433243690147841,1
870433248064700423,0
870433250057101316,1
870433253282516992,-1
870433257783013376,1
870433259817025536,-1
870433259750076416,-1
870433262782472192,-1
870433265605386242,1
870433267153068033,-1
870433272370569216,1
870433275449421825,-1
870433276518858752,-1
870433276661563392,1
870433283666006016,-1
870433287294124032,1
870433288967512064,-1
870433289173180416,1
870433288862801920,-1
870433291266121730,-1
870433292637552640,1
870433296856907776,1
870433297440006144,1
870433298060894208,1
870433298425692160,-1
870433299658702848,1
870433305933381633,0
870433305837137921,1
870433308592791552,-1
870433319187558405,-1
870433318147424257,0
870433320030670849,-1
870433324824760320,-1
870433325638463488,-1
870433327001608193,-1
870433327714586625,-1
870433328335335424,-1
870433329392340992,-1
870433332705677312,1
870433334345605120,-1
870433338518978561,-1
870433339403939840,1
870433340125401092,1
870433345787666432,1
870433357678735361,-1
870433358710542336,-1
870433360824422401,1
870433363319955456,1
870433364704075777,-1
870433369208758272,0
870433370018373634,-1
870433370978889729,1
870433376154640384,-1
870433376989315072,0
870433378973224960,1
870433378130178049,0
870433381909245954,1
870433382496423937,1
870433385646370816,0
870433397130248192,-1
870433396928991233,-1
870433399495950336,0
870433403178549248,-1
870433406789849092,1
870433409352577025,1
870433418642960385,-1
870433420022874115,1
870433419368509442,-1
870433421197180928,-1
870433422543511552,-1
870433424116510720,-1
870433425781661701,-1
870433428210044928,-1
870433432018579457,-1
870433437013823488,1
870433438280499201,1
870433443016036353,-1
870433444873986048,-1
870433445788254208,0
870433446870605825,1
870433448917319680,-1
870433450339295232,-1
870433459126231040,1
870433459680026624,-1
870433466025988096,0
870433469452517376,-1
870433469758791680,0
870433474322345984,-1
870433478470402049,1
870433484661178368,0
870433485781176320,1
870433487081308164,0
870433490168291330,0
870433491883671552,1
870433492336652288,-1
870433493569855488,-1
870433494790529024,0
870433495725637632,1
870433496182906880,-1
870433505955676161,1
870433511228006401,-1
870433514335895552,-1
870433519209730050,1
870433519587270656,-1
870433521633984512,-1
870433528277864448,1
870433529796206592,1
870433531796881409,0
870433531582980101,-1
870433534158266369,0
870433536188219392,0
870433536649678848,1
870433537819897856,-1
870433540197933056,-1
870433542861234176,-1
870433543926812672,1
870433546929700864,-1
870433540873363456,-1
870433548012048389,0
870433554420903937,0
870433554945146880,0
870433554844573696,0
870433555855413249,0
870433555951824896,0
870433559735152641,-1
870433565724426241,-1
870433568253595648,-1
870433569163931648,1
870433569948266496,-1
870433571059548160,0
870433571864850432,0
870433573072973824,-1
870433574952067073,1
870433578034880513,-1
870433578387202048,-1
870433580593197056,-1
870433578039091200,-1
870433578861027328,1
870433581738237952,1
870433582711484416,-1
870433584942911488,-1
870433585148289024,-1
870433593549631489,-1
870433595952742400,0
870433595961352193,1
870433599430041600,-1
870433604102500354,-1
870433612553998336,-1
870433617838723072,0
870433621416579072,0
870433621055877120,0
870433624096559104,1
870433624142880768,-1
870433626307145728,-1
870433626537820161,-1
870433626416181249,-1
870433627330330624,-1
870433634079178753,1
870433635396194304,0
870433640324399104,1
870433647106469888,-1
870433650738724864,-1
870433651410030592,1
870433662164127744,-1
870433665896939520,0
870433666220019712,0
870433671580352513,1
870433672964567040,1
870433673610371072,0
870433673304309764,-1
870433674659082240,-1
870433676026408960,1
870433677611720704,1
870433679876792320,-1
870433680581439490,1
870433679922933760,-1
870433682280128513,-1
870433682447904768,-1
870433683395805184,0
870433684217671681,-1
870433687212441600,-1
870433688546312192,1
870433691524243456,1
870433704426041344,0
870433714882232320,1
870433715331223552,1
870433715876495360,-1
870433716937478144,-1
870433719307382784,-1
870433723694579712,1
870433727175852033,1
870433726139969536,-1
870433729457541120,-1
870433731852369920,1
870433734050291712,1
870433736290074624,-1
870433738852663296,0
870433738362114050,1
870433739909640194,0
870433741969137664,-1
870433742430642180,1
870433749212811264,1
870433751679066112,0
870433758213791745,-1
870433762076708865,-1
870433771086114816,1
870433772709310465,0
870433773380182016,1
870433774454005761,-1
870433783148941312,0
870433784767942656,-1
870433789175971840,1
870433790350565377,0
870433791709290496,-1
870433791285895168,1
870433792695177217,1
870433800714670080,-1
870433799808483328,-1
870433808700420097,-1
870433810692833282,-1
870433814056550401,1
870433818145996800,-1
870433819014201344,-1
870433819614117891,1
870433821027688448,-1
870433824487993344,0
870433826509471744,0
870433828250279936,1
870433829990912000,-1
870433834340421632,-1
870433834667474945,0
870433837096030208,1
870433839461523457,-1
870433840069722114,1
870433840719732736,-1
870433843412598784,-1
870433844389752832,-1
870433847258886144,-1
870433855609720833,-1
870433858776379393,-1
870433861339156480,-1
870433863587311621,0
870433868431732737,1
870433874299551746,1
870433876069494784,-1
870433879391326212,-1
870433879504691200,-1
870433881354149889,0
870433888539168769,-1
870433891194200065,-1
870433901151371264,0
870433904079101952,-1
870433906029244416,1
870433909133123584,-1
870433911293259776,-1
870433911683383320,1
870433913205915648,1
870433913683849217,1
870433918289408000,-1
870433918603976704,-1
870433919191175168,-1
870433923553267712,-1
870433925876809729,-1
870433930427723776,-1
870433932432375809,1
870433933057458176,-1
870433937042092032,-1
870433943958507522,1
870433947150413826,1
870433949465452544,0
870433950040297473,-1
870433951269224452,-1
870433952657539072,-1
870433956809854976,-1
870433960882388993,1
870433962472214528,1
870433964317704193,-1
870433968402743296,-1
870433971628380161,-1
870433976468598784,-1
870433978632851457,1
870433982634119168,1
870433988569157632,-1
870433988934062080,-1
870433989999419393,-1
870433992696225793,-1
870433995548311552,0
870433997796651009,1
870434000065527809,-1
870434002850635776,1
870434011918643200,0
870434014003249152,-1
870434016683544576,-1
870434018948390912,0
870434019363737602,-1
870434019556683778,-1
870434020739481601,0
870434022836621312,-1
870434024472358912,-1
870434027559419905,1
870434028649709568,-1
870434034794496000,1
870434035121532928,-1
870434035461500928,0
870434036405215233,-1
870434039609434112,0
870434037621456896,-1
870434036950368256,0
870434042021150720,0
870434042906382336,-1
870434046018437120,1
870434051764740097,-1
870434051827662849,-1
870434051622088706,-1
870434052125282304,-1
870434052536270848,-1
870434055384293376,1
870434061642330112,1
870434065635131392,1
870434068181041152,0
870434068281778177,-1
870434069959626753,-1
870434070391431168,-1
870434070672617473,1
870434072702668800,1
870434076162797568,0
870434076259430400,1
870434079434391552,-1
870434082898952193,-1
870434085021171712,-1
870434087940497408,0
870434090696048640,1
870434091950157824,1
870434098254409729,-1
870434099701452801,1
870434102989602816,-1
870434103019147264,-1
870434104096968704,1
870434108102643712,-1
870434109348335616,-1
870434109365125121,1
870434106504556544,1
870434114784043008,1
870434119595044864,-1
870434122757316608,1
870434122279391232,1
870434125081194497,-1
870434126683226112,-1
870434128595894272,-1
870434128818307073,0
870434131620089859,-1
870434133486567431,-1
870434137471057920,-1
870434138247102472,-1
870434141640298496,-1
870434142705434624,-1
870434145520017414,-1
870434145524097025,0
870434146207768576,1
870434147134836741,1
870434148728528897,1
870434151421235200,-1
870434153048793088,-1
870434153124200449,0
870434155636678656,-1
870434158450843648,1
870434159948427264,-1
870434162741657600,1
870434167368056832,0
870434173118533637,1
870434176041979904,-1
870434177228865537,1
870434178721955840,-1
870434184732352512,1
870434185672097796,-1
870434186913624064,-1
870434190717800448,-1
870434192462675970,-1
870434194295476224,1
870434202789052417,0
870434204277813248,-1
870434205184004096,-1
870434213681668100,1
870434216399446017,-1
870434216751886336,-1
870434221281640448,-1
870434227724144640,-1
870434233625579520,1
870434235147894784,-1
870434238755086336,1
870434240046931968,1
870434242748186629,1
870434243616399360,1
870434246892146689,1
870434251757453312,-1
870434259755868160,1
870434262662512640,1
870434271697051648,0
870434275346321409,1
870434277866995716,-1
870434279033110528,-1
870434282883371008,1
870434290030567424,1
870434293838823424,1
870434295399288832,-1
870434299467644928,-1
870434299627155456,0
870434308254818305,-1
870434310053969920,1
870434311236964352,1
870434313514483712,-1
870434315779411968,-1
870434316379201536,-1
870434318698532864,-1
870434318816088065,0
870434325027618817,-1
870434327632334848,0
870434332334338049,-1
870434332271357952,-1
870434334116806659,-1
870434339913310208,-1
870434340584513536,-1
870434342316724225,-1
870434345403723776,-1
870434346070458368,1
870434345680502784,-1
870434346641096704,-1
870434348377399296,1
870434348931133442,-1
870434352743755777,-1
870434352492105728,1
870434353133875205,-1
870434353729466368,1
870434354551554048,-1
870434355511836672,-1
870434356539654144,0
870434358217252864,1
870434358351597570,1
870434358171193344,0
870434359412740096,1
870434367457198080,-1
870434372775817216,-1
870434373614665728,-1
870434376630325253,-1
870434378588930048,-1
870434379792830472,-1
870434380900163584,-1
870434388810452993,-1
870434392631500800,-1
870434399438995457,-1
870434404165754884,1
870434404686057472,-1
870434406430896128,1
870434414043566080,-1
870434415226351616,-1
870434415989665792,1
870434417986203656,-1
870434418472636416,-1
870434419546488832,-1
870434425611452416,1
870434427922526208,-1
870434441314926592,1
870434444607447041,1
870434444561305600,1
870434451494281216,-1
870434452467572738,-1
870434456036925442,-1
870434466715623428,-1
870434472298037248,-1
870434477427671041,-1
870434477260107777,1
870434476417003521,-1
870434482620432384,-1
870434484168077313,-1
870434484776308737,-1
870434485208141825,-1
870434485250121728,-1
870434490006462466,0
870434494532026368,1
870434499452063744,0
870434500861464576,1
870434507522002944,1
870434514396487682,-1
870434517307318278,-1
870434518766936065,0
870434522889957376,0
870434524857077760,-1
870434527721779200,1
870434528568852480,-1
870434530192015360,-1
870434531257401344,-1
870434541290344448,1
870434543144251394,1
870434549989122048,1
870434550337466371,-1
870434552845668352,0
870434550211649536,-1
870434557857734657,-1
870434557371305985,0
870434560101597184,-1
870434560110198784,0
870434560550502400,0
870434562085711873,-1
870434562555297792,-1
870434563864047617,1
870434566112247808,1
870434567320027136,-1
870434571451543556,-1
870434572349165568,-1
870434575662579714,1
870434583761866752,0
870434587746254848,0
870434588790636545,-1
870434590053236736,-1
870434593417113600,0
870434596495687680,-1
870434605807153153,-1
870434606176247810,1
870434615634178048,1
870434620520747008,-1
870434622441746433,0
870434623448170496,1
870434631451017216,0
870434638983872513,-1
870434639621574656,1
870434642234662912,1
870434644780392448,-1
870434645036355584,-1
870434647896768512,1
870434651994587136,0
870434653517344768,1
870434655639654400,0
870434658206457856,-1
870434660479676417,0
870434664191676416,1
870434664455995392,-1
870434669694791680,-1
870434672697856001,-1
870434676351131648,-1
870434677546295296,-1
870434679538810880,1
870434679710777345,1
870434682000875520,-1
870434683137478657,-1
870434685104652294,1
870434686593634305,0
870434686732029952,1
870434689030422528,1
870434689525231616,-1
870434693539397632,-1
870434693501640704,-1
870434694898352129,0
870434699767930884,1
870434706785021953,1
870434708898951170,1
870434718138773504,-1
870434720458440704,1
870434722752729090,0
870434723214086144,-1
870434725785067521,1
870434725524983810,1
870434726464462848,0
870434733758349312,-1
870434739106316288,-1
870434739399872512,1
870434743493345282,-1
870434743694839808,1
870434744311394305,-1
870434744713879552,1
870434746676920321,-1
870434747264016386,1
870434754847543296,-1
870434754730090496,0
870434754780434432,0
870434755606720512,0
870434756294582272,0
870434756609159168,0
870434757045346308,0
870434757078913026,0
870434758639185920,0
870434759457083396,0
870434760375533568,1
870434764133548032,-1
870434775097462784,-1
870434788057923584,-1
870434789156806656,1
870434792831148032,1
870434796807303169,0
870434796757024769,0
870434802784239616,-1
870434803581157376,1
870434805783166976,1
870434806991011840,-1
870434806965968896,-1
870434807880323072,1
870434808303955972,-1
870434810241601536,0
870434810317209600,0
870434810363346944,0
870434810350772228,0
870434810266873856,0
870434810652766210,1
870434811365687300,0
870434813676634112,1
870434816683982848,-1
870434817468280832,1
870434821348012032,-1
870434822803652608,1
870434821700546564,0
870434826049814528,-1
870434826100387844,0
870434827606118400,-1
870434828101066752,1
870434828973350913,-1
870434830202413056,-1
870434831527575552,1
870434834350571522,-1
870434844504969216,1
870434847331844096,1
870434847889793028,1
870434848988594176,-1
870434848799961089,-1
870434851022934016,0
870434852113268737,0
870434854663462912,-1
870434855250690048,-1
870434856035131393,-1
870434863475814400,0
870434863526162433,-1
870434865564581888,1
870434866592088064,1
870434870736166912,-1
870434870891347970,-1
870434871444819969,-1
870434873172910080,-1
870434874724827136,1
870434882610053120,1
870434882542895104,0
870434884250198016,-1
870434887576289282,1
870434889719357440,0
870434890780516352,-1
870434890466152452,-1
870434897625829378,-1
870434899299270657,-1
870434901438353408,-1
870434907088093185,1
870434907239190528,-1
870434913434161154,-1
870434915854295042,0
870434916332216320,1
870434925450866688,1
870434926075797505,-1
870434936183955456,-1
870434936943247361,-1
870434938813685760,1
870434939015245825,0
870434939530903552,-1
870434942030929920,1
870434944367054848,1
870434945101115397,0
870434950008393728,-1
870434951677833218,1
870434952617369601,-1
870434952462073858,0
870434956069150720,1
870434956052443136,1
870434957663117314,-1
870434961190506497,-1
870434962931015680,-1
870434964478640128,0
870434967087656960,-1
870434967721037824,1
870434969646231552,1
870434970883342336,-1
870434974528417792,-1
870434984703799297,-1
870434986662522881,0
870434993406869505,0
870434997051830272,1
870435001481011201,-1
870435003728928768,0
870435013468094464,1
870435020019597312,-1
870435020078366720,-1
870435020141408256,-1
870435021445844992,0
870435025321431040,0
870435027179491328,1
870435028651692032,1
870435030140567552,1
870435032913108992,-1
870435034813132800,-1
870435039128854532,-1
870435042195058688,1
870435045152088064,-1
870435049530957824,1
870435049153347584,-1
870435056095023104,-1
870435058816958465,0
870435065267986432,-1
870435066295369728,-1
870435070565163008,0
870435071567822851,-1
870435072477769729,-1
870435073526386688,-1
870435077842509824,1
870435079084027904,-1
870435079587155968,0
870435079302131716,-1
870435083358003201,-1
870435090806956032,1
870435092908220416,-1
870435093990576128,-1
870435095726874624,-1
870435096586842112,1
870435098948100096,1
870435100676177920,1
870435102873993216,-1
870435109027164160,1
870435118841831000,0
870435122377621504,1
870435123698774016,-1
870435128874483712,-1
870435130850062336,-1
870435133857251328,1
870435133832052736,1
870435135098732548,-1
870435143294623744,-1
870435150345228288,1
870435150814892032,1
870435151649546240,0
870435153398685696,-1
870435157169160192,-1
870435160482758656,-1
870435163121090561,1
870435169068560384,-1
870435169710338050,0
870435175599046658,-1
870435175875977217,1
870435174223290368,0
870435177998286848,-1
870435184616910848,-1
870435188718940160,-1
870435196897607681,1
870435197896069120,-1
870435198067892224,-1
870435200353882114,0
870435202266431493,-1
870435206016233473,-1
870435208721567744,-1
870435209849733120,-1
870435212785704960,1
870435213137952769,-1
870435216250347521,1
870435216799739905,1
870435216866893824,-1
870435217374425088,0
870435217940656129,-1
870435218590547968,0
870435220872286208,-1
870435225297342464,-1
870435226144706564,-1
870435227428147202,-1
870435229432913920,-1
870435234826924033,1
870435238547042304,-1
870435239256092672,1
870435240271073280,-1
870435241470644228,-1
870435242779299840,-1
870435247107604480,1
870435252690239489,-1
870435253772468224,-1
870435254997098497,-1
870435260781150208,1
870435261506883584,-1
870435265671593984,-1
870435268624396289,-1
870435269228371968,-1
870435270080032768,-1
870435270281265152,0
870435272046944256,1
870435276405043200,0
870435278527352832,1
870435281186340864,0
870435284055412736,-1
870435289394692096,0
870435289797337093,1
870435290212691968,1
870435291156197376,-1
870435294197067776,-1
870435294121689088,1
870435304603172864,-1
870435305253478401,1
870435310265618432,-1
870435311343611905,1
870435313805602000,0
870435320571056133,1
870435323767132160,-1
870435325188767744,-1
870435325235130369,-1
870435326313066497,-1
870435328594726912,1
870435330544947200,-1
870435330532364289,-1
870435330549104640,-1
870435330549088256,-1
870435330544984065,-1
870435328561078272,0
870435330536595458,-1
870435330591043587,-1
870435330536620032,-1
870435330628886528,-1
870435330549088257,-1
870435330511446016,-1
870435330574270464,-1
870435330511392770,-1
870435330582749184,-1
870435330591031296,-1
870435330628886532,-1
870435330628870144,-1
870435330570178561,-1
870435330649800704,-1
870435330582650881,-1
870435330532327424,-1
870435330549100545,-1
870435330654035969,-1
870435330620399616,-1
870435330649858048,-1
870435330628898816,-1
870435330641371136,-1
870435330645573632,-1
870435330624700416,-1
870435330574360578,-1
870435330637221888,-1
870435330574372865,-1
870435330632974336,-1
870435330570149888,-1
870435330624700417,-1
870435330549104642,-1
870435330637283328,-1
870435330607808512,-1
870435330863673345,-1
870435330742140929,-1
870435330570072064,-1
870435330725363712,-1
870435330616213504,-1
870435330545008640,-1
870435332386205696,1
870435332612800512,1
870435334110052352,1
870435335808970752,-1
870435336098394112,0
870435338887376896,-1
870435341324488704,1
870435342142328833,-1
870435349616500736,-1
870435348949729282,1
870435351084625920,-1
870435353487867905,-1
870435353802493956,0
870435354465247237,1
870435355534798848,0
870435361448710145,0
870435367383465984,1
870435368469966856,1
870435370034278401,1
870435374685970432,1
870435375872974848,0
870435378217459712,-1
870435382269169664,-1
870435383112118272,-1
870435383267524608,0
870435385314349061,1
870435387222577153,-1
870435387461652480,0
870435387751247872,-1
870435399117811712,0
870435402368331777,-1
870435404977131521,-1
870435409976737792,-1
870435412904484864,1
870435413919453184,-1
870435414540247040,-1
870435417107058689,1
870435417262260225,0
870435419023826944,1
870435419162263552,-1
870435420605222917,1
870435421641220096,1
870435422777638912,1
870435422480027648,-1
870435423427985409,-1
870435424489140224,-1
870435426116542464,-1
870435427118985216,0
870435433305448448,1
870435437629669376,-1
870435438086938624,1
870435440414928896,1
870435441178066944,1
870435447696130052,-1
870435448312737793,1
870435450128809984,-1
870435452616048641,0
870435468462129154,-1
870435469145784320,1
870435468923383808,-1
870435476594769921,1
870435482085273600,1
870435482387099648,-1
870435486149394433,-1
870435490561961986,1
870435499864989696,1
870435503354421248,-1
870435507611848705,-1
870435509495103493,1
870435511143473152,0
870435513143930880,-1
870435514066849793,1
870435515098693634,1
870435515681656834,-1
870435518978379776,-1
870435523919085568,-1
870435525051777024,0
870435528453304320,-1
870435528801497091,-1
870435532513263616,0
870435533561921537,0
870435533683650561,-1
870435534107234304,-1
870435535197569024,-1
870435536774848516,-1
870435540625231872,1
870435540478418945,1
870435549592645632,-1
870435549206781957,1
870435550192218112,-1
870435551157026817,-1
870435557352116225,-1
870435561722523648,1
870435561777106944,1
870435563286937600,-1
870435565321285633,-1
870435566449557504,1
870435573403574272,-1
870435574582083588,-1
870435575735750660,0
870435577308565504,-1
870435578516566016,1
870435579225362432,-1
870435580349476867,0
870435581230297088,-1
870435582417162240,-1
870435585307156480,-1
870435585856598017,0
870435589375578112,-1
870435589891469313,-1
870435597214765057,-1
870435599081254912,-1
870435607499210752,1
870435614063185921,1
870435617108353025,1
870435617787850752,1
870435618379235329,1
870435623701626880,1
870435623601004544,-1
870435625794760704,1
870435632102875136,-1
870435637891125248,1
870435639279276032,-1
870435639908380674,1
870435642450337794,-1
870435647672041472,-1
870435652092936192,-1
870435653716135937,-1
870435653498089472,-1
870435653971976192,-1
870435654370443264,1
870435655595184129,1
870435655729459200,-1
870435656186552325,1
870435662947913729,1
870435669625253892,-1
870435674486394881,1
870435677367939072,0
870435681432199168,-1
870435695860391936,-1
870435694778474496,-1
870435698758762496,-1
870435700054863872,0
870435702206418944,-1
870435710880415744,1
870435713275142144,1
870435714965680128,1
870435716085448704,0
870435716609781760,-1
870435722225963009,-1
870435727942832129,-1
870435728034942977,0
870435732300615680,-1
870435734842474496,-1
870435736905973760,1
870435740642979840,-1
870435741733617664,1
870435743302332417,-1
870435743751122949,-1
870435745441492992,1
870435745483370497,-1
870435747324710913,-1
870435748977065984,-1
870435748876627968,1
870435750172438530,-1
870435751556595712,1
870435751766491136,-1
870435752139730944,-1
870435755436326913,0
870435756359254016,1
870435758871642117,1
870435759890640896,-1
870435761660841985,-1
870435762738790401,-1
870435765389578240,0
870435769969553409,-1
870435771575967744,-1
870435771928498176,1
870435778874281984,-1
870435782485561344,-1
870435786017124352,0
870435787732549632,1
870435792036012032,-1
870435796989366272,1
870435801796034560,-1
870435803301908480,1
870435805059321856,-1
870435807705825280,1
870435811136643072,0
870435814131482624,-1
870435818942349312,1
870435819261186052,1
870435820032765952,1
870435825669951488,-1
870435826018140160,-1
870435826278293504,-1
870435829671383040,-1
870435830204055552,-1
870435831281889280,1
870435831147708416,-1
870435831877558272,-1
870435832179507200,1
870435833488187392,-1
870435834192814080,-1
870435833286762496,-1
870435834712907776,-1
870435834067070977,1
870435835853676544,-1
870435839209230336,-1
870435839473582081,-1
870435839746072576,-1
870435843063898112,0
870435844112359428,-1
870435844624195584,-1
870435846549319680,1
870435847090208768,-1
870435851175514112,-1
870435852069072896,0
870435852572381184,-1
870435854547795968,-1
870435856821125120,1
870435858112847872,-1
870435867893964800,-1
870435870498725888,1
870435872679841794,1
870435877318778880,-1
870435879247949824,1
870435879151710208,1
870435883157045249,-1
870435883375308800,1
870435883559903233,-1
870435884406947840,-1
870435886772625409,-1
870435892548259841,1
870435892707688448,-1
870435901809115137,0
870435906267762688,-1
870435906947342338,-1
870435919328821248,-1
870435923271577601,0
870435923741126656,1
870435926161334274,-1
870435953424379904,-1
870435960130949120,0
870435963142512640,1
870435964333813760,-1
870435973284245504,-1
870435975582765056,-1
870435976409219072,-1
870435977717665792,-1
870435977755598848,-1
870435979781324800,0
870435987457003520,-1
870435987566055424,-1
870435988731863040,-1
870435995241648129,0
870435998173417472,0
870435997682630656,-1
870436008080400387,-1
870436012584861696,-1
870436016959758336,-1
870436018658447361,1
870436019711168513,1
870436020185182208,-1
870436022609473536,-1
870436022991060992,-1
870436030528143360,1
870436038317023232,-1
870436040850395136,1
870436044528914432,-1
870436045527162880,0
870436050409185280,0
870436051386380288,1
870436051638259712,-1
870436054599213056,0
870436055035420672,-1
870436056063250432,1
870436065013714945,-1
870436069162049537,1
870436071535935488,0
870436072269938688,-1
870436076833386498,-1
870436078880272384,1
870436080016736256,-1
870436080092315648,-1
870436082982297600,1
870436085037277184,-1
870436086387843073,1
870436084504809473,-1
870436089923858433,1
870436092910067712,0
870436099348455425,1
870436103928463360,-1
870436109959831552,1
870436116436058112,-1
870436119321686017,1
870436119158046720,0
870436121544675328,-1
870436121871777792,-1
870436123130122240,1
870436124153466884,1
870436124572786688,-1
870436126300921860,0
870436126124896257,1
870436126271688705,0
870436127597105152,-1
870436127706107906,0
870436132097449984,0
870436132961611776,1
870436133900926976,1
870436137218842624,0
870436138812665856,-1
870436141257773057,-1
870436144340664320,1
870436147259953156,-1
870436149608796160,-1
870436152234430465,1
870436154302242816,0
870436155900047360,-1
870436155103342592,1
870436159368908800,-1
870436163340845056,0
870436163605078016,-1
870436164297216001,-1
870436167392436224,-1
870436168629972000,0
870436170722926598,-1
870436174204153856,1
870436180902465536,-1
870436182693380096,1
870436185771999232,-1
870436186468339712,-1
870436187990786048,0
870436197620994050,1
870436201261658112,0
870436203954176001,1
870436204352872448,-1
870436210497511424,1
870436211600625666,0
870436212787499010,1
870436213659901953,-1
870436218043060224,1
870436219284533248,-1
870436223894114304,-1
870436227400564736,1
870436229539442688,-1
870436232823689216,-1
870436234375704576,-1
870436236078571520,1
870436236933988352,-1
870436238901358592,-1
870436244072710144,-1
870436251920367618,1
870436255200403457,-1
870436258383892481,-1
870436258337759234,1
870436259373735936,0
870436263136022530,1
870436266218860544,-1
870436267535630336,1
870436270157246464,1
870436270329036800,0
870436272187338752,-1
870436276821819393,1
870436276134195200,-1
870436285336489986,-1
870436286729003008,0
870436287421001729,-1
870436292491845632,1
870436293137661952,-1
870436293263716354,-1
870436295050379264,-1
870436296891797504,1
870436298720456705,0
870436302486990848,-1
870436305305571328,1
870436308577001472,-1
870436308077887489,-1
870436310514905090,-1
870436310527377408,1
870436315489116160,-1
870436316189646848,0
870436319419346945,0
870436320400769026,-1
870436324528066560,1
870436324808859648,-1
870436329045331972,-1
870436333805649920,1
870436334329970688,0
870436340571271168,0
870436347294691328,-1
870436348796129280,1
870436348896923648,-1
870436349647761412,-1
870436350473928704,-1
870436351946129409,-1
870436358585589760,-1
870436358879199236,1
870436360825430016,-1
870436361093894144,-1
870436362037723136,-1
870436367020552194,-1
870436368899559425,1
870436370900295681,-1
870436375983554561,1
870436375690170368,-1
870436374566105088,1
870436377812377601,-1
870436385844547585,0
870436387073294336,1
870436388642017280,-1
870436389887913984,1
870436391800291328,0
870436393671024640,0
870436392492466176,0
870436401040457729,-1
870436403275890688,-1
870436403016060928,1
870436403842342912,1
870436405780115456,-1
870436411215929345,1
870436413589925889,-1
870436414239977472,-1
870436417029242885,0
870436417033383936,-1
870436419386449924,-1
870436420002996224,-1
870436421303238656,-1
870436425916755970,-1
870436425728221184,-1
870436425757372416,-1
870436426294231044,-1
870436430077583360,-1
870436433558855680,-1
870436434066325504,-1
870436434997641216,1
870436437748928512,-1
870436438961246208,-1
870436440567681024,0
870436449488908289,1
870436450092953600,-1
870436450927468545,-1
870436451523203072,-1
870436456413761537,-1
870436457105805312,-1
870436457193893888,-1
870436459559387136,-1
870436465083162626,1
870436465381167104,1
870436475132940289,-1
870436478031196162,-1
870436480883281925,1
870436484616253441,-1
870436488055574528,-1
870436489787781120,-1
870436491335434240,-1
870436496360087552,1
870436496536473604,1
870436501070524420,-1
870436504589479939,-1
870436505717788675,-1
870436507445858304,-1
870436508376879104,-1
870436511887609860,-1
870436517792989184,-1
870436518804033537,-1
870436522591375360,-1
870436525426659328,1
870436529629306881,-1
870436530690473984,-1
870436530489143296,1
870436531990925312,-1
870436533391642624,-1
870436533437779968,1
870436537888100356,-1
870436544120852480,-1
870436545450446849,1
870436546318655488,1
870436546716983298,0
870436548965146625,-1
870436549749559296,-1
870436550152245253,-1
870436550512791552,-1
870436551322415104,-1
870436552194871300,1
870436554346553344,-1
870436558666694660,0
870436559719419905,-1
870436558150742016,-1
870436563317960704,1
870436574038708224,1
870436576710586368,-1
870436577364856836,0
870436579495596032,-1
870436580695179264,0
870436581861195778,1
870436584335613952,-1
870436586407604224,0
870436587452194821,1
870436591948275712,-1
870436591914729472,0
870436594985164801,-1
870436596599869441,-1
870436597669539840,0
870436599854747648,0
870436602224541697,-1
870436603923226624,-1
870436604879319041,1
870436606599102464,1
870436607257698308,1
870436608973123584,0
870436610281623552,1
870436610214469633,1
870436614983516162,1
870436616816521218,1
870436616514523136,-1
870436617219002370,-1
870436617101733890,-1
870436621010714625,-1
870436624617938945,-1
870436625146290176,0
870436631324577792,1
870436632612229120,1
870436634386366464,0
870436638836613120,1
870436641512366080,-1
870436644377309186,-1
870436647673974784,1
870436648089255936,1
870436648290471936,1
870436655223771136,-1
870436655366381569,-1
870436656851058688,-1
870436658281406464,1
870436659422257152,1
870436665403125764,-1
870436669496803328,-1
870436675616419843,-1
870436680280530944,1
870436681903620097,-1
870436681643565056,0
870436685879926785,0
870436688711102464,-1
870436689629532160,0
870436690137157632,1
870436692653596672,0
870436702355161088,-1
870436707237191680,1
870436719635464193,-1
870436722114523136,1
870436725247684608,-1
870436727009271808,-1
870436727382585345,-1
870436728624078848,-1
870436730142285824,1
870436730817662976,1
870436733711597568,-1
870436734739374080,1
870436737016668160,-1
870436741659971584,0
870436746139279360,1
870436747817168901,1
870436753206673408,-1
870436755987681280,1
870436758344826881,1
870436767102627840,1
870436768172171267,-1
870436771494068224,-1
870436777290592257,-1
870436778494357506,-1
870436777215086592,0
870436779412901888,1
870436779895259136,1
870436781086330880,-1
870436783091089408,-1
870436797406490628,1
870436798127783936,1
870436801902555136,-1
870436803777404928,-1
870436803731271680,1
870436807539699712,-1
870436811377659904,1
870436812279472128,0
870436816641441792,-1
870436823272742913,1
870436823134240768,1
870436826389123072,-1
870436828368838656,-1
870436833573851136,-1
870436839961710592,-1
870436842126139392,-1
870436842155511809,-1
870436843711373312,1
870436845733019648,0
870436855115730945,-1
870436855430250497,1
870436856067960832,1
870436858664173570,-1
870436859134058497,1
870436865958060032,0
870436865886740480,1
870436868915044353,1
870436874439069696,1
870436881103810560,-1
870436888720683009,-1
870436893015527424,-1
870436896975015937,-1
870436897520140288,0
870436899403382785,-1
870436899885731840,-1
870436899923558400,-1
870436900850475008,-1
870436904755486722,-1
870436906504531969,-1
870436910610530304,1
870436913492226048,0
870436921209745409,1
870436922581241856,-1
870436923679981568,-1
870436928100945920,1
870436931489767424,-1
870436932047843328,-1
870436932878295041,-1
870436933524238336,-1
870436936141373441,1
870436938293137409,0
870436939257741312,1
870436939932999680,-1
870436944299294721,-1
870436945775558656,-1
870436945855475712,1
870436946505609216,-1
870436948917092352,0
870436957821829124,-1
870436962032906240,-1
870436961944829952,0
870436963698049024,-1
870436963840663552,-1
870436964410863616,1
870436964851384321,0
870436965254148096,1
870436967447580672,-1
870436973231562752,1
870436974590533632,-1
870436975584698368,-1
870436978411487233,1
870436978440974336,1
870436979556700161,-1
870436983608287233,1
870436983700672512,-1
870436984258519040,0
870436991896240128,-1
870436992093372417,-1
870436992890351616,0
870437003346804736,1
870437010267295745,0
870437007742222336,-1
870437021189369856,1
870437021864546305,1
870437022191714304,1
870437025912152064,-1
870437025752678400,-1
870437027459760129,-1
870437027942203394,-1
870437031322673152,-1
870437038050295808,1
870437038977200128,-1
870437038851596289,1
870437039233261568,0
870437040269082624,-1
870437041766408192,-1
870437042978672640,0
870437045935591425,1
870437048850808832,1
870437051669282817,1
870437055846907906,0
870437059843964929,1
870437061001715712,-1
870437061362429954,0
870437062842892288,-1
870437062691872768,0
870437063161774081,-1
870437065661464576,-1
870437067590778880,1
870437067322310656,-1
870437067582472193,-1
870437068962320384,-1
870437069780271104,0
870437072930263041,-1
870437074041798656,0
870437088864329729,1
870437087996194816,0
870437088403107844,1
870437097248874501,-1
870437098872070149,1
870437100365238273,1
870437116085403648,0
870437119113744385,-1
870437120384671744,-1
870437132434911232,-1
870437133562953728,-1
870437133949038593,-1
870437142547357696,0
870437144891768832,-1
870437148343681024,-1
870437148247379974,0
870437155595735042,-1
870437159206920192,1
870437163455832064,1
870437169264869000,0
870437169793466370,1
870437173882896385,-1
870437177519251457,-1
870437182238076929,-1
870437184704323585,0
870437185211772928,0
870437190936838145,-1
870437191830425600,1
870437194678259716,-1
870437197878632450,-1
870437204991987712,1
870437204962623489,0
870437207697477633,-1
870437208876089344,0
870437210276974592,-1
870437212294402048,1
870437211740807168,0
870437215683432449,-1
870437219651076096,1
870437223853940738,1
870437226152415232,1
870437226664132609,-1
870437227884666880,-1
870437227423289344,1
870437230342492160,1
870437230912917506,-1
870437232674557953,-1
870437235656724480,-1
870437240903577601,-1
870437241327366144,-1
870437241385918465,1
870437242908557312,1
870437244594786305,0
870437246893215744,1
870437246826106880,1
870437249414037504,1
870437250647040002,-1
870437250634366976,-1
870437254585438208,-1
870437254820356097,-1
870437257106280448,-1
870437256749760512,0
870437257890512896,-1
870437258142167040,-1
870437263834066944,-1
870437265876451329,-1
870437269957623808,-1
870437271396245506,1
870437272105222144,1
870437272801296384,-1
870437273053143041,-1
870437275670327296,-1
870437276815208449,-1
870437278610407424,-1
870437280766468097,-1
870437281403990021,1
870437284398546944,-1
870437285493329921,-1
870437286512545792,-1
870437286873251840,1
870437289285103616,-1
870437291570769920,-1
870437298428559361,-1
870437298881654784,1
870437300441800704,-1
870437303637860352,-1
870437305982394368,-1
870437307006033920,-1
870437311560916992,-1
870437311493791744,1
870437315327311872,1
870437315453255680,-1
870437316501921796,1
870437318280310785,-1
870437318448087042,0
870437319043678209,0
870437320121561090,-1
870437322566885376,1
870437322822647814,1
870437324500459520,1
870437326798950400,1
870437326748434433,-1
870437330254823424,0
870437330045198337,-1
870437337188114433,0
870437336680714240,-1
870437342045229057,-1
870437345509560320,-1
870437345685757952,0
870437342363955200,1
870437347556548609,-1
870437347971784705,1
870437348529639424,-1
870437350966308865,-1
870437350995656704,-1
870437350706380800,0
870437352363184129,-1
870437352715546628,1
870437353629679616,-1
870437354229698564,-1
870437354896580609,-1
870437355374624768,-1
870437355592732672,0
870437361057906691,-1
870437362752532480,0
870437364916789248,-1
870437365759782912,-1
870437370130178048,1
870437374265708544,1
870437378233651200,-1
870437383099076610,1
870437386546753537,-1
870437390279524352,1
870437390728351744,1
870437390845964288,0
870437394146709504,1
870437394243354624,0
870437397971877889,-1
870437398936784896,1
870437399867801601,-1
870437401734369280,-1
870437404028657668,1
870437405966438400,1
870437406780030977,-1
870437407199567873,-1
870437408122195968,-1
870437409510440960,-1
870437413742673921,-1
870437415126654978,1
870437415281979392,-1
870437415894343681,-1
870437424232574977,-1
870437425226555393,-1
870437432969351168,1
870437433514409984,0
870437435225722880,0
870437444759371776,1
870437444524670977,1
870437448836370433,-1
870437449981468673,0
870437453001142272,-1
870437458621546497,-1
870437460588625923,-1
870437461549121536,-1
870437462765576192,-1
870437465357598720,-1
870437466045591553,0
870437466205016064,1
870437469258252288,-1
870437471053529088,-1
870437473633144832,-1
870437477043097600,-1
870437478024466432,-1
870437479567966209,1
870437485192544260,-1
870437485238726657,-1
870437486794768385,-1
870437488925585409,-1
870437491723177984,0
870437492595412992,-1
870437498316398592,1
870437497175764992,-1
870437501290160128,0
870437512879235073,-1
870437513558708224,1
870437514300891136,0
870437514334449665,0
870437514477051904,0
870437514401554433,0
870437514347139072,0
870437514414137346,0
870437514338643968,0
870437514338746368,0
870437514347020290,0
870437514368081921,0
870437514410041344,0
870437514443608064,0
870437514380689408,0
870437514368106496,0
870437514355462145,0
870437514451984384,0
870437514485485569,0
870437514493939712,0
870437514556743681,0
870437514355527681,0
870437514472861696,0
870437514590302208,0
870437514506420224,0
870437514565214211,0
870437514569433088,0
870437514686877697,0
870437514518994945,0
870437514527387649,0
870437514602926081,0
870437514468745216,0
870437514527494144,0
870437514527387648,0
870437514414219264,0
870437514640728065,0
870437514636476417,0
870437514523295744,0
870437514640633856,0
870437514636427264,0
870437514409943040,0
870437514451968000,0
870437514544152576,0
870437514745593860,0
870437514598727680,0
870437514439401472,0
870437514569371648,0
870437515391508480,-1
870437519292104705,1
870437527622111232,-1
870437530235150337,-1
870437543405342721,-1
870437543879245824,1
870437546324406272,-1
870437548891308032,-1
870437556223070208,1
870437556898476033,0
870437562191630337,0
870437565664514048,1
870437567648460800,-1
870437568113852416,0
870437571376971776,0
870437574321426433,0
870437573851795457,0
870437576989175809,1
870437577651826689,1
870437580738777088,1
870437594827378688,-1
870437597117657089,-1
870437602805112832,-1
870437606949040128,0
870437608605798404,1
870437613278289921,-1
870437618948820993,-1
870437621230698496,1
870437623210397696,1
870437628214001664,-1
870437631468871680,1
870437639085850624,1
870437641203875842,-1
870437650636910593,-1
870437653598154752,-1
870437654487289856,0
870437655313514498,-1
870437659453390848,1
870437663551229952,-1
870437667070255104,-1
870437667351212032,1
870437668265570305,-1
870437669846659072,-1
870437672241684484,-1
870437672849817600,-1
870437677711204353,1
870437681075027968,-1
870437690369609728,-1
870437691636064256,-1
870437696895721472,1
870437701215858688,-1
870437701698191360,-1
870437703766102016,1
870437706559623168,0
870437708207759360,-1
870437718269894656,1
870437718676963328,-1
870437724947230720,1
870437726612590592,1
870437729502244868,1
870437732954275840,-1
870437736758509569,-1
870437738868203520,1
870437739216289792,-1
870437742529978368,1
870437743821701120,-1
870437745117716480,-1
870437747697172480,1
870437747990831105,-1
870437753372241920,1
870437754441785344,-1
870437761932591104,-1
870437765657354240,1
870437775673372672,-1
870437776432517121,0
870437784875655169,-1
870437790890287104,1
870437795017392128,1
870437794656784387,0
870437796359544832,0
870437810460930049,0
870437810532167681,-1
870437820573286402,-1
870437829301686273,-1
870437832225173505,-1
870437833995161601,0
870437836574556160,-1
870437839686688768,-1
870437840496324615,-1
870437841544728576,0
870437842094366721,-1
870437842849333248,0
870437851875262464,0
870437852449955841,1
870437852798169088,0
870437857915285508,-1
870437859508969476,1
870437864353300480,-1
870437868958863360,0
870437873857818624,-1
870437875019591684,-1
870437877234184192,-1
870437877301301248,1
870437879301816320,0
870437880916660224,0
870437881508220928,-1
870437881667629060,1
870437882686840832,-1
870437889468801024,1
870437893323366400,-1
870437897505132544,1
870437899375857664,-1
870437899057147905,-1
870437911648288772,1
870437913288474624,-1
870437915838431232,-1
870437916358709248,1
870437916874559488,-1
870437916111233024,0
870437922788433920,1
870437926320132096,1
870437927473430529,1
870437931382579200,-1
870437946024841216,-1
870437951783784449,1
870437952928702465,-1
870437953268457472,-1
870437954329686016,-1
870437954803691520,1
870437958347890688,1
870437964396081153,1
870437971605860353,-1
870437976249167872,1
870437977440256000,-1
870437981823287297,1
870437983052337152,0
870437985459875840,1
870437985795416064,1
870437986504232961,1
870437989960138752,-1
870437992820871168,1
870437996507664385,1
870437997715398656,-1
870437997740605441,-1
870437998264950784,-1
870437999691128832,-1
870438000295006208,1
870438004359217153,1
870438008775995392,1
870438008796975104,-1
870438009249742848,1
870438009845555201,-1
870438010025725952,-1
870438018024325120,1
870438034289827840,1
870438034147332096,-1
870438035275390977,-1
870438036617666561,-1
870438036986900480,0
870438038249160704,1
870438040291819521,-1
870438040803713024,0
870438042896662529,0
870438046751236096,1
870438047594287104,0
870438058205696000,1
870438060311404545,-1
870438061267533824,-1
870438062018449408,-1
870438062257459200,-1
870438062618288131,-1
870438063880753152,-1
870438066325831680,1
870438065243860992,-1
870438067596705792,-1
870438070302199812,-1
870438071954702341,-1
870438073875681280,-1
870438076253974529,1
870438077721870336,-1
870438085430984704,0
870438088400437248,-1
870438092015939584,1
870438104145969153,1
870438105504825346,1
870438106436165634,1
870438109380567040,0
870438110982569984,1
870438113696518144,1
870438116485505025,-1
870438118092152833,0
870438119849562112,-1
870438120851857408,1
870438121585954817,-1
870438124077236224,-1
870438123943145476,-1
870438125100826624,0
870438127340576768,-1
870438130419204097,-1
870438131299962881,-1
870438132713500673,-1
870438133682143232,0
870438132214366208,-1
870438145824702464,1
870438146235924481,1
870438148672819200,1
870438150530846721,-1
870438151927549952,-1
870438152703545344,-1
870438157929504768,1
870438160584626176,-1
870438161087778817,-1
870438163206090752,-1
870438164430815233,0
870438165831614464,-1
870438166767034368,0
870438167215828992,-1
870438167890886656,-1
870438167739998208,-1
870438171082977280,0
870438171875700737,-1
870438173352091649,-1
870438177080725504,-1
870438182441144324,1
870438190141718528,1
870438192125816832,-1
870438193031770113,-1
870438193807667200,-1
870438197712506880,1
870438199700709376,-1
870438208403902464,1
870438210073018369,0
870438210345816065,-1
870438213717970945,-1
870438215085244416,-1
870438215823634433,-1
870438216792514561,-1
870438220160319488,0
870438221607456768,-1
870438221821468672,-1
870438222165422081,1
870438222924587008,-1
870438232680517635,1
870438234173587456,1
870438235163553793,0
870438238070112256,-1
870438239445934084,-1
870438239513047040,0
870438241186570240,0
870438245468749824,1
870438246580314113,0
870438247876501504,1
870438256151859200,1
870438262057218049,0
870438264099962880,0
870438265349865477,1
870438267476254721,0
870438272773885953,-1
870438279153238016,-1
870438280822652929,-1
870438284949950465,-1
870438286355050496,0
870438288305389568,0
870438289282654208,-1
870438289198764032,0
870438290221957120,-1
870438290738085888,-1
870438296790462465,-1
870438297906163712,-1
870438298933751808,-1
870438305279639552,-1
870438306374340612,-1
870438309519949824,-1
870438314943401988,1
870438317166391296,-1
870438318022025217,0
870438323411484672,-1
870438323688525824,1
870438328159657986,-1
870438331263463424,-1
870438334664892416,-1
870438336003018752,1
870438337173045248,1
870438342084747265,-1
870438345800810496,0
870438350242578432,-1
870438351085510657,-1
870438354009174017,0
870438355028324353,-1
870438355485417473,1
870438356295057409,-1
870438358752796672,0
870438359457517568,1
870438361785409536,-1
870438371264348161,-1
870438373374050304,0
870438374837858304,1
870438374775164928,-1
870438384682119169,1
870438388993736704,-1
870438396182790144,0
870438397160157184,0
870438397210484738,-1
870438398363746304,-1
870438398992957442,-1
870438400423231489,0
870438402197299200,0
870438407100538880,0
870438407171751936,-1
870438410670010368,1
870438411970236416,-1
870438411961737216,-1
870438413765423105,-1
870438415615000576,-1
870438418026815488,-1
870438418664345603,-1
870438421579259904,0
870438423345188865,-1
870438436997480448,-1
870438437010243584,-1
870438436876017668,0
870438439275122688,1
870438439770050560,0
870438443087577089,1
870438444920705026,-1
870438446506102785,-1
870438447546331137,-1
870438454118686720,-1
870438453732888576,-1
870438458900140032,-1
870438459768545280,-1
870438461588852736,0
870438463425753088,-1
870438463337836545,0
870438463845392384,-1
870438462683582464,-1
870438465216839680,-1
870438468094218240,0
870438474549252097,1
870438476440842240,-1
870438476667396096,-1
870438477724364800,1
870438482023469060,-1
870438483034329088,-1
870438483495718916,1
870438498368720896,-1
870438508367937536,1
870438512759369729,1
870438515749773313,0
870438516907532289,1
870438518165786624,1
870438524243279873,1
870438525384130561,-1
870438527049244672,-1
870438533567307776,-1
870438537182801920,0
870438540387139584,-1
870438543918735362,-1
870438545667874817,1
870438546397687808,-1
870438551749509120,-1
870438550545682432,-1
870438559043379203,-1
870438557332242433,-1
870438561648173056,0
870438564592574470,-1
870438566035423233,1
870438569948487680,0
870438573475979266,0
870438575090917376,1
870438578383458305,0
870438578500898818,-1
870438578567774208,0
870438578937114624,1
870438580375740417,-1
870438582392979456,-1
870438584368672772,0
870438586054721537,0
870438591393955840,0
870438591989678080,-1
870438592744574976,-1
870438598503530498,1
870438599673528320,1
870438599539470336,-1
870438603045965824,-1
870438604832518144,-1
870438605348646913,1
870438607529684992,-1
870438608729247749,1
870438613531721729,1
870438620951228417,0
870438627628724224,1
870438628375359489,1
870438628622729216,0
870438630237581312,0
870438630644260864,-1
870438632989052928,1
870438633685348352,1
870438633458761728,1
870438638579929088,-1
870438640350089216,0
870438642790969344,-1
870438645534248960,1
870438646033203200,-1
870438648679985156,1
870438655801905152,-1
870438657714507776,-1
870438658205138945,-1
870438659652292610,-1
870438664043679744,-1
870438665151021056,-1
870438671534641152,1
870438672210042882,-1
870438673308819456,-1
870438680288264193,-1
870438681156370432,1
870438681277997056,1
870438684142837760,-1
870438687422660610,1
870438690945769472,-1
870438692506058752,1
870438692443353088,0
870438692871188480,-1
870438692967641088,-1
870438694758502400,-1
870438696260059136,1
870438697501683713,1
870438700420923393,0
870438700920045568,1
870438704023822336,1
870438704220823552,0
870438713750368256,-1
870438715159654400,-1
870438716501770241,-1
870438727935442944,1
870438730082930688,1
870438730905112577,0
870438731714527232,1
870438731819470848,-1
870438737557192704,-1
870438740229070849,1
870438741244076032,1
870438740799434753,0
870438742586032128,-1
870438747355172864,-1
870438750890860544,-1
870438751373099008,1
870438751448686593,-1
870438753407561728,0
870438754070052864,1
870438755638722560,-1
870438768062472193,-1
870438768401985536,0
870438769614368769,-1
870438776543133697,1
870438777638014976,-1
870438782088216577,-1
870438783245836288,1
870438783493316609,1
870438784009162753,-1
870438792498491397,-1
870438791424638976,1
870438794281058305,-1
870438794272657408,-1
870438796017508356,0
870438797980254209,-1
870438800102637568,-1
870438808340369409,1
870438810676539392,1
870438812060532738,-1
870438813197152256,1
870438814371762176,-1
870438820000485377,1
870438820164104193,-1
870438822907174912,-1
870438824509177857,-1
870438825918701569,1
870438825822171138,-1
870438826832936961,-1
870438827231465472,1
870438828393279488,-1
870438830641471488,0
870438831966834688,-1
870438831983656960,-1
870438836953862145,0
870438838937821184,1
870438841160798208,1
870438841995407360,0
870438848630710273,-1
870438848299507712,1
870438851126456320,0
870438854544596992,1
870438855450648577,-1
870438861213650944,1
870438862514003968,-1
870438863600103425,-1
870438864011358208,1
870438871447683073,1
870438874035535873,1
870438887872540672,-1
870438890066268162,-1
870438892645658625,1
870438896470941696,-1
870438904427675648,-1
870438906163888129,-1
870438909406199809,-1
870438910207303680,1
870438919959187456,0
870438922441994240,0
870438923666952193,-1
870438926447775744,0
870438927097876480,1
870438927697661952,1
870438928532201472,-1
870438932076539904,-1
870438933284306944,1
870438933456232448,-1
870438935058681856,-1
870438935649857540,-1
870438947004043264,1
870438949499666433,1
870438949898113024,-1
870438951986896897,-1
870438953450483712,-1
870438953710694401,-1
870438956738990080,0
870438962363588612,-1
870438965710659588,-1
870438965798727681,-1
870438968164143104,-1
870438971205201920,-1
870438985436409860,1
870438990847070208,0
870438998493216768,1
870438998740783104,1
870439000972111872,-1
870439003048341505,1
870439006156201985,1
870439005594058752,-1
870439008467374084,-1
870439011025924096,-1
870439016776257536,-1
870439016604327936,-1
870439017871015936,-1
870439019250843648,0
870439022526480384,-1
870439023659110400,1
870439027450793988,-1
870439031036825600,-1
870439031389134848,-1
870439033779789825,-1
870439032588648449,-1
870439039681388544,-1
870439040792666112,1
870439041421979648,1
870439042965413889,-1
870439044877922307,1
870439044630577152,1
870439045293277184,-1
870439045717012480,1
870439046564036608,-1
870439050590552064,1
870439054076149760,1
870439058627055621,1
870439059621113856,-1
870439060820475904,1
870439065304346624,0
870439065526599682,-1
870439070073106432,-1
870439081947410432,0
870439084572815360,0
870439089161596928,0
870439091510407168,-1
870439093649498112,1
870439094396080129,-1
870439094064631808,1
870439108455301121,1
870439110472855552,1
870439111110385664,-1
870439115900235776,-1
870439117645111296,-1
870439119649996802,-1
870439121789100034,1
870439124733313024,1
870439126885179393,-1
870439129036726272,-1
870439138406694914,-1
870439139816165376,1
870439142924091393,1
870439143771430913,1
870439146040377344,1
870439154898751488,-1
870439159839604736,-1
870439167330799616,-1
870439170182754305,1
870439169553727488,-1
870439180756713472,-1
870439186431709184,1
870439188830842881,0
870439189363343360,-1
870439190311424002,1
870439190982533120,0
870439194329440257,0
870439197009739776,0
870439200570580996,0
870439207864545280,0
870439210251145217,-1
870439216873840640,-1
870439221701599232,1
870439222657794048,1
870439224536903681,0
870439230622838785,-1
870439230425767937,-1
870439234313834497,-1
870439241117044736,1
870439243801391105,-1
870439247206993921,-1
870439247488192513,-1
870439250143137794,0
870439251363614720,1
870439252328202240,-1
870439254740086784,1
870439254509453312,0
870439256036171777,0
870439260230361089,-1
870439264898646017,1
870439265926336512,-1
870439268392587265,1
870439269168492546,1
870439270468734980,-1
870439280623194112,-1
870439284460978177,0
870439293310906368,-1
870439293591990272,-1
870439294938337280,1
870439296074825732,0
870439295777112064,1
870439299124154368,-1
870439301275766784,1
870439301087019008,-1
870439301951045632,1
870439302714589185,-1
870439307630100480,-1
870439308955709440,1
870439311262482433,1
870439317814095873,-1
870439317755371521,0
870439322691829760,-1
870439323732254720,0
870439325342629888,-1
870439327121231877,-1
870439327175778305,-1
870439332678684672,-1
870439335186878464,-1
870439335170068482,1
870439339901149184,-1
870439345387327488,0
870439345244827648,1
870439345366368258,0
870439347820089344,-1
870439347664945155,1
870439356665704448,1
870439358012071937,1
870439359320686592,-1
870439359182290945,-1
870439362227523584,1
870439363024494592,-1
870439363087347712,1
870439367394906112,-1
870439370125266944,-1
870439370083487744,-1
870439371845009408,1
870439372306472961,0
870439372558147584,-1
870439376249016320,-1
870439391042428928,1
870439395584692225,1
870439396146905088,-1
870439399523221505,-1
870439401997729794,1
870439402727714816,1
870439404560691203,1
870439405793693697,-1
870439406905196545,-1
870439408763154436,1
870439409199525888,-1
870439409836933120,1
870439410311081984,1
870439411787354112,0
870439413154820096,0
870439413871804416,0
870439416921296898,-1
870439420255625216,1
870439423686582272,-1
870439424370278400,1
870439427314786305,-1
870439427847458817,-1
870439431748112386,-1
870439433333612544,-1
870439437162893312,1
870439438630998017,0
870439440728064000,-1
870439440975527939,1
870439447459921924,-1
870439450886766592,-1
870439453357215744,1
870439455026536448,-1
870439457337610240,-1
870439464761348096,1
870439469488508930,1
870439470012616704,-1
870439474450358273,0
870439475532275712,-1
870439479462551552,0
870439482268327936,-1
870439483841425408,0
870439484432695296,1
870439485611417601,0
870439486085320704,-1
870439490388717568,1
870439491386785792,-1
870439500979240961,1
870439502782889985,-1
870439508419936258,-1
870439516263202816,1
870439516666048512,1
870439517249056768,-1
870439517655793664,-1
870439518545039360,-1
870439521673936896,1
870439522898776064,-1
870439524274503680,-1
870439525222404097,1
870439528049164289,-1
870439528733048832,1
870439530989580288,1
870439532436389888,1
870439538702856194,-1
870439540774797316,-1
870439542184083457,1
870439542544900097,-1
870439541617942528,-1
870439543392137217,-1
870439547942957056,-1
870439559758319616,-1
870439559732973569,0
870439566175588352,-1
870439570936139780,0
870439570466152448,-1
870439571141611524,0
870439571657502720,0
870439571523350529,1
870439572001267713,-1
870439581270761473,-1
870439581241430016,-1
870439587054833666,-1
870439591613943808,-1
870439592754851840,0
870439594399019008,0
870439600866701313,-1
870439604565950464,0
870439605098643456,1
870439609523556353,1
870439609775378432,-1
870439611767545857,1
870439620751769600,-1
870439618730233856,0
870439622026829824,1
870439624413515776,1
870439626271490050,0
870439627974430721,1
870439627726798848,0
870439632235843584,-1
870439634873995265,-1
870439635431940096,-1
870439637348745217,1
870439638585843712,1
870439639156314113,1
870439639445684225,-1
870439640318189568,1
870439640230223872,-1
870439645032534017,-1
870439647620587522,-1
870439652305580032,-1
870439652431454210,0
870439654075617280,1
870439658487914496,-1
870439660258041856,-1
870439660761296896,1
870439660597673989,-1
870439662518763520,1
870439663215022081,1
870439663265337345,-1
870439665530228737,1
870439672731717633,-1
870439678616326148,-1
870439679933399040,1
870439682567528448,-1
870439687248150528,-1
870439687097389056,1
870439691878903808,-1
870439695062192128,1
870439695276265473,1
870439695959838720,-1
870439696580694017,1
870439701303492609,1
870439721419264001,0
870439721620602880,-1
870439726502653952,-1
870439730147667974,-1
870439735218647041,-1
870439739303706626,-1
870439740788494336,1
870439744555102208,-1
870439746560032769,0
870439747625385984,-1
870439750586519553,-1
870439752155054080,-1
870439753681739776,-1
870439753950298112,-1
870439755791581185,-1
870439756689289217,0
870439759117549568,0
870439764914184192,1
870439765534851072,-1
870439765421813760,-1
870439772673765376,0
870439776868069377,-1
870439777069187072,-1
870439780198297600,0
870439780336545792,-1
870439781779615749,-1
870439786024140800,0
870439790243655680,1
870439793037127680,1
870439800066555904,-1
870439801043824641,-1
870439806978936833,-1
870439822057504769,-1
870439823521099777,-1
870439824003616768,1
870439827111636992,-1
870439830932664320,-1
870439831003742208,0
870439834208391168,1
870439838247510016,-1
870439839287709698,-1
870439838922801152,-1
870439843129688065,-1
870439847244292102,-1
870439850620715009,1
870439851786616833,1
870439855909511168,-1
870439855800676354,1
870439856123633664,1
870439857700560896,-1
870439864759709697,-1
870439868425527296,1
870439870019260416,1
870439872078786560,-1
870439876902232070,1
870439881281077248,-1
870439882774020096,-1
870439883210346496,1
870439888277180416,-1
870439893033508864,1
870439893662670848,-1
870439895378124800,-1
870439905519972352,1
870439906975371264,1
870439908829052928,-1
870439909101887488,-1
870439911681294336,-1
870439915384918017,1
870439916039061504,-1
870439918547472385,-1
870439918912327684,1
870439923072901120,1
870439923224129537,1
870439923068923906,1
870439925174288384,-1
870439925501501441,-1
870439925728124928,0
870439926579560448,-1
870439928253083649,-1
870439929935011840,-1
870439935215636480,1
870439937581105154,-1
870439938709434368,-1
870439946766700545,-1
870439949161639936,1
870439957181194240,0
870439957512548353,1
870439964034682880,-1
870439966815518720,0
870439968107376640,-1
870439971378798592,-1
870439972490358785,-1
870439973551353856,-1
870439974159745024,0
870439980392484864,-1
